{"cameraMode":{"drawMode":0,"name":"Shaded","section":"Shading Mode"},"sceneLighting":true,"audioPlay":false,"sceneViewState":{"m_AlwaysRefresh":false,"showFog":true,"showSkybox":true,"showFlares":true,"showImageEffects":true,"showParticleSystems":true,"showVisualEffectGraphs":true,"m_FxEnabled":true},"in2DMode":false,"pivot":{"x":-0.20676006376743318,"y":2.526920795440674,"z":-1.0978245735168458},"rotation":{"x":0.061528515070676807,"y":0.7512480020523071,"z":-0.07074776291847229,"w":0.6533287167549133},"size":3.761789083480835,"orthographic":true}