{"cameraMode":{"drawMode":0,"name":"Shaded","section":"Shading Mode"},"sceneLighting":true,"audioPlay":false,"sceneViewState":{"m_AlwaysRefresh":false,"showFog":true,"showSkybox":true,"showFlares":true,"showImageEffects":true,"showParticleSystems":true,"showVisualEffectGraphs":true,"m_FxEnabled":true},"in2DMode":false,"pivot":{"x":-0.9608502984046936,"y":0.26937371492385867,"z":0.20451529324054719},"rotation":{"x":-0.1776612550020218,"y":0.30212604999542239,"z":-0.057416535913944247,"w":-0.9348148107528687},"size":5.442355155944824,"orthographic":false}